{"numberOfGenerations":10,"mutationRate":0.0,"bestAgentSelection":8,"worstAgentSelection":3,"numberToCrossover":25,"fitnessAccrossGen":[210.42039489746095,210.42042541503907,210.6461944580078,210.6461944580078,210.6461944580078,210.6461944580078,210.6461944580078,210.6461944580078,210.6461944580078,210.6461944580078]}