{"numberOfGenerations":10,"mutationRate":0.05000000074505806,"bestAgentSelection":8,"worstAgentSelection":3,"numberToCrossover":25,"fitnessAccrossGen":[103.84235382080078,200.1209716796875,103.84228515625,109.33219909667969,249.19053649902345,251.46844482421876,251.46832275390626,251.46780395507813,254.61036682128907,251.8347930908203]}