{"numberOfGenerations":10,"mutationRate":0.15000000596046449,"bestAgentSelection":8,"worstAgentSelection":3,"numberToCrossover":25,"fitnessAccrossGen":[67.6947021484375,70.06674194335938,210.5078582763672,204.92437744140626,204.93301391601563,204.9141845703125,252.74069213867188,250.7752227783203,256.1005554199219,255.20130920410157]}