{"numberOfGenerations":10,"mutationRate":0.25,"bestAgentSelection":8,"worstAgentSelection":3,"numberToCrossover":25,"fitnessAccrossGen":[201.48837280273438,205.02783203125,270.16448974609377,256.8678894042969,288.6162414550781,1000.0903930664063,1000.1030883789063,1000.0903930664063,1000.0964965820313,1000.1790771484375]}