{"numberOfGenerations":10,"mutationRate":0.5,"bestAgentSelection":8,"worstAgentSelection":3,"numberToCrossover":25,"fitnessAccrossGen":[247.8607177734375,247.8791046142578,281.90838623046877,281.9289245605469,1000.091552734375,1000.07958984375,1000.09326171875,295.7832946777344,270.4885559082031,257.3303527832031]}