{"numberOfGenerations":10,"mutationRate":0.15000000596046449,"bestAgentSelection":2,"worstAgentSelection":0,"numberToCrossover":5,"populationSize":10,"fitnessAccrossGen":[10.875022888183594,14.421631813049317,173.17576599121095,254.02511596679688,253.5361785888672,253.5361785888672,254.87692260742188,255.83660888671876,255.83660888671876,255.83660888671876]}