{"numberOfGenerations":10,"mutationRate":0.15000000596046449,"bestAgentSelection":4,"worstAgentSelection":2,"numberToCrossover":0,"populationSize":20,"fitnessAccrossGen":[17.939435958862306,237.02462768554688,238.90049743652345,36.556617736816409,36.55661392211914,30.73499298095703,30.38064956665039,201.947265625,201.94064331054688,210.85910034179688]}