{"numberOfGenerations":10,"mutationRate":0.15000000596046449,"bestAgentSelection":4,"worstAgentSelection":2,"numberToCrossover":14,"populationSize":20,"fitnessAccrossGen":[23.701030731201173,23.70109748840332,23.477581024169923,69.09672546386719,200.74696350097657,205.28656005859376,205.6641387939453,1000.035888671875,1000.0989990234375,1000.1329345703125]}