{"numberOfGenerations":10,"mutationRate":0.15000000596046449,"bestAgentSelection":4,"worstAgentSelection":2,"numberToCrossover":7,"populationSize":20,"fitnessAccrossGen":[74.27288818359375,74.27088165283203,104.66133880615235,104.65499114990235,199.642578125,202.85281372070313,242.51589965820313,225.24330139160157,225.2432098388672,225.47531127929688]}