{"numberOfGenerations":10,"mutationRate":0.15000000596046449,"bestAgentSelection":4,"worstAgentSelection":1,"numberToCrossover":10,"populationSize":20,"fitnessAccrossGen":[15.624343872070313,43.61760711669922,43.608848571777347,43.61935806274414,74.4548568725586,251.4388885498047,253.570068359375,253.36192321777345,253.36325073242188,253.36184692382813]}