{"numberOfGenerations":10,"mutationRate":0.15000000596046449,"bestAgentSelection":6,"worstAgentSelection":2,"numberToCrossover":15,"populationSize":30,"fitnessAccrossGen":[12.341798782348633,76.03890228271485,250.2239227294922,250.545166015625,250.55514526367188,251.5832977294922,256.12158203125,256.1240234375,256.125,257.48681640625]}